url,page_traversed,body_text
,,
,,
url,page_traversed,body_text
,,
,,
url,page_traversed,body_text
,,
,,
url,page_traversed,body_text
,,
,,
url,page_traversed,body_text
https://acornclinic.org/,,
https://acpmp.org/,,
https://activemeditation.org/,,
https://activecentralmn.org/,,
https://acrwebsite.org/,,
url,page_traversed,body_text
https://acornclinic.org/,,
https://acpmp.org/,,
https://activemeditation.org/,,
https://activecentralmn.org/,,
url,page_traversed,body_text
https://acornclinic.org/,,
https://acpmp.org/,,
https://activemeditation.org/,,
https://activecentralmn.org/,,
https://acrwebsite.org/,,
url,page_traversed,body_text
https://acornclinic.org/,,
https://acpmp.org/,,
https://activemeditation.org/,,
https://activecentralmn.org/,,
https://acrwebsite.org/,,
url,page_traversed,body_text
https://acornclinic.org/,,
https://acpmp.org/,,
https://activemeditation.org/,,
https://activecentralmn.org/,,
https://acrwebsite.org/,,
url,page_traversed,body_text
https://aawconline.memberclicks.net/,,
https://abatemn.org/,,
https://www.abcap.net/,,
http://www.abccvc.org/,,
https://www.abchouston.org/,,
https://abcinc.org/,,
https://herlifecenter.com/,,
https://www.abetterinternet.org/,,
https://abetterwisconsininstitute.org/,,
https://www.abide.org/,,
https://abionline.org/,,
https://able-inc.org/,,
https://abolitionistlawcenter.org/,,
https://www.abortionfacts.com/,,
https://aboutcare.org/,,
https://www.abga.org/,,
https://www.academyservicescorp.org/,,
https://acapnj.org/,,
https://www.abundantlivingministries.org/,,
https://accdc.org/,,
https://accessenergycoop.com/,,
https://acc-ef.org/,,
https://accesscounselinginc.org:443/,,
https://www.access-psychology.org/,,
https://www.accessabilitywi.org/,,
https://aces.wnba.com/,,
https://accountablemichigan.com/,,
https://www.accisnet.org/,,
https://achievebrowncounty.org/,,
https://www.acecaz.org/,,
https://www.acf-foresters.org/,,
https://www.achildbecomes.org/,,
https://www.aclukansas.org/,,
https://aciint.org/,,
https://acirfound.org/,,
https://acornclinic.org/,,
https://acpmp.org/,,
https://activemeditation.org/,,
https://activecentralmn.org/,,
https://acrwebsite.org/,,
https://podiatryboard.org/,,
https://youradchoices.com/,,
